{"version": 1, "timestamp": "2025-03-26T18:40:41.489261", "scikit_learn_version": "1.5.1", "r2_train": 1.0, "mse_train": 1.4323726589878603e-22, "rmse_train": 1.196817721705298e-11, "mae_train": 9.290686454850414e-12, "mape_train": 2.5540271838437995e-16}